<?xml version="1.0" encoding="UTF-8"?>
<GRAMMAR>
<RULE name="S" toplevel="ACTIVE">
  <L>
    <P>
      <RULEREF name="OBJECT"/>
      <RULEREF name="DIRECT"/>
      <RULEREF name="DO"/>
    </P>
    <P>
      <RULEREF name="LAST"/>
    </P>
    <P>
      <RULEREF name="MIC"/>
    </P>
  </L>
</RULE>
<RULE name="MIC" toplevel="INACTIVE">
  <L>
    <P>/マイクテスト/まいくてすと;</P>
  </L>
</RULE>
<RULE name="OBJECT" toplevel="INACTIVE">
  <L>
    <P>/玉@OBJECT/たまお;</P>
    <P>/玉@OBJECT/きゅうお;</P>
    <P>/玉@OBJECT/ぼーるお;</P>
    <P>/ブロック@OBJECT/ぶろっくお;</P>
  </L>
</RULE>
<RULE name="DO" toplevel="INACTIVE">
  <L>
    <P>/押して@DO/おして;</P>
    <P>/動かして@DO/うごかして;</P>
  </L>
</RULE>
<RULE name="DIRECT" toplevel="INACTIVE">
  <L>
    <P>/上に@DIRECTION/うえに;</P>
    <P>/上向きに@DIRECTION/うえむきに;</P>
    <P>/下に@DIRECTION/したに;</P>
    <P>/下向きに@DIRECTION/したむきに;</P>
    <P>/右に@DIRECTION/みぎに;</P>
    <P>/右側に@DIRECTION/みぎがわに;</P>
    <P>/右向きに@DIRECTION/みぎむきに;</P>
    <P>/左に@DIRECTION/ひだりに;</P>
    <P>/左側に@DIRECTION/ひだりがわに;</P>
    <P>/左向きに@DIRECTION/ひだりむきに;</P>
  </L>
</RULE>
<RULE name="LAST" toplevel="INACTIVE">
  <L>
    <P>/終ります:LAST/おわります;</P>
    <P>/終り:LAST/おわり;</P>
    <P>/終ってください:LAST/おわってください;</P>
    <P>/終了:LAST/しゅうりょう;</P>
    <P>/終了します:LAST/しゅうりょうします;</P>
  </L>
</RULE>
</GRAMMAR>
